[
  {
    "id": 1757488000015,
    "ticker": "NESCO",
    "name": "Nesco Limited",
    "buyPrice": 1460,
    "currentPrice": 1541.2,
    "quantity": 25,
    "invested": 36500,
    "currentValue": 38530,
    "purchaseDate": "2025-09-08",
    "lastUpdated": "2025-09-10T07:06:40.015Z",
    "pl": 2030,
    "plPercent": 5.561643835616438,
    "closePrice": 1527,
    "closeValue": 38175,
    "finalPL": 1675,
    "finalPLPercent": 4.589041095890411,
    "closedDate": "2025-09-08",
    "holdingPeriod": "0 days"
  },
  {
    "id": 1757488468416,
    "ticker": "RALLIS",
    "name": "Rallis India Limited",
    "buyPrice": 377.92,
    "currentPrice": 338.85,
    "quantity": 50,
    "invested": 18896,
    "currentValue": 16942.5,
    "purchaseDate": "2025-08-21",
    "lastUpdated": "2025-09-10T07:14:28.416Z",
    "pl": -1953.5,
    "plPercent": -10.338166807790008,
    "closePrice": 363.84,
    "closeValue": 18192,
    "finalPL": -704,
    "finalPLPercent": -3.725656223539373,
    "closedDate": "2025-09-10",
    "holdingPeriod": "20 days"
  },
  {
    "id": 1757488561405,
    "ticker": "SYRMA",
    "name": "Syrma SGS Technology Limited",
    "buyPrice": 758,
    "currentPrice": 853.5,
    "quantity": 70,
    "invested": 53060,
    "currentValue": 59745,
    "purchaseDate": "2025-09-01",
    "lastUpdated": "2025-09-10T07:16:01.405Z",
    "pl": 6685,
    "plPercent": 12.598944591029024,
    "closePrice": 795,
    "closeValue": 55650,
    "finalPL": 2590,
    "finalPLPercent": 4.881266490765172,
    "closedDate": "2025-09-03",
    "holdingPeriod": "2 days"
  }
]