[
  {
    "id": 1757486701272,
    "ticker": "YATHARTH",
    "name": "Yatharth Hospital & Trauma Care Services Limited",
    "buyPrice": 735,
    "currentPrice": 798.05,
    "quantity": 28,
    "invested": 20580,
    "currentValue": 22345.399999999998,
    "purchaseDate": "2025-08-28",
    "lastUpdated": "2025-09-10T10:16:41.940Z",
    "pl": 1765.3999999999978,
    "plPercent": 8.578231292516996,
    "dayChange": 13.85,
    "dayChangePercent": 1.77
  },
  {
    "id": 1757487454960,
    "ticker": "NESCO",
    "name": "Nesco Limited",
    "buyPrice": 1460,
    "currentPrice": 1524.3,
    "quantity": 25,
    "invested": 36500,
    "currentValue": 38107.5,
    "purchaseDate": "2025-09-08",
    "lastUpdated": "2025-09-10T10:16:41.991Z",
    "pl": 1607.5,
    "plPercent": 4.404109589041096,
    "dayChange": 2.7,
    "dayChangePercent": 0.18
  },
  {
    "id": 1757487009226,
    "ticker": "MOTILALOFS",
    "name": "Motilal Oswal Financial Services Limited",
    "buyPrice": 912.24,
    "currentPrice": 920,
    "quantity": 43,
    "invested": 39226.32,
    "currentValue": 39560,
    "purchaseDate": "2025-08-21",
    "lastUpdated": "2025-09-10T10:16:42.000Z",
    "pl": 333.6800000000003,
    "plPercent": 0.8506533368411829,
    "dayChange": 35.25,
    "dayChangePercent": 3.98
  },
  {
    "id": 1757487154285,
    "ticker": "ITCHOTELS",
    "name": "ITC HOTELS LIMITED",
    "buyPrice": 245,
    "currentPrice": 246.31,
    "quantity": 250,
    "invested": 61250,
    "currentValue": 61577.5,
    "purchaseDate": "2025-09-01",
    "lastUpdated": "2025-09-10T10:16:42.009Z",
    "pl": 327.5,
    "plPercent": 0.5346938775510204,
    "dayChange": 2.05,
    "dayChangePercent": 0.84
  },
  {
    "id": 1757487078887,
    "ticker": "GARUDA",
    "name": "GARUDA CONSTRUCT N ENG L",
    "buyPrice": 209.78,
    "currentPrice": 209.85,
    "quantity": 70,
    "invested": 14684.6,
    "currentValue": 14689.5,
    "purchaseDate": "2025-09-09",
    "lastUpdated": "2025-09-10T10:16:42.011Z",
    "pl": 4.899999999999636,
    "plPercent": 0.03336829059013958,
    "position": "Long",
    "dayChange": -1.48,
    "dayChangePercent": -0.7
  },
  {
    "id": 1757487508940,
    "ticker": "SJS",
    "name": "S.J.S. Enterprises Limited",
    "buyPrice": 1395,
    "currentPrice": 1393.1,
    "quantity": 50,
    "invested": 69750,
    "currentValue": 69655,
    "purchaseDate": "2025-09-04",
    "lastUpdated": "2025-09-10T10:16:42.014Z",
    "pl": -95,
    "plPercent": -0.13620071684587814,
    "dayChange": -38.4,
    "dayChangePercent": -2.68
  },
  {
    "id": 1757487579776,
    "ticker": "SWIGGY",
    "name": "SWIGGY LIMITED",
    "buyPrice": 435,
    "currentPrice": 423.9,
    "quantity": 100,
    "invested": 43500,
    "currentValue": 42390,
    "purchaseDate": "2025-09-09",
    "lastUpdated": "2025-09-10T10:16:42.017Z",
    "pl": -1110,
    "plPercent": -2.5517241379310347,
    "dayChange": -12.75,
    "dayChangePercent": -2.92
  }
]